,id,first_name,last_name,dob,gender,party,leadership_role,govtrack_id,cspan_id,seniority,total_votes,missed_votes,total_present,state,district,at_large,geoid
0,A000014,Neil,Abercrombie,1938-06-26,M,D,,400001,,12,1214,57,5,HI,1,False,1501
1,A000022,Gary,Ackerman,1942-11-19,M,D,,400003,1002061,18,1214,163,2,NY,5,False,3605
2,A000055,Robert,Aderholt,1965-07-22,M,R,,400004,45516,4,1214,16,0,AL,4,False,0104
3,A000357,Thomas,Allen,1945-04-16,M,D,,400007,,4,1214,23,1,ME,1,False,2301
4,A000210,Robert,Andrews,1957-08-04,M,D,,400008,19670,12,1214,30,0,NJ,1,False,3401
5,A000215,Bill,Archer,1928-03-22,M,R,,400567,,30,1214,86,0,TX,7,False,4807
6,A000217,Richard,Armey,1940-07-07,M,R,,400551,,16,1214,29,0,TX,26,False,4826
7,B001234,Joe,Baca,1947-01-23,M,D,,400009,81682,2,610,37,0,CA,42,False,0642
8,B000013,Spencer,Bachus,1947-12-28,M,R,,400010,26397,8,1214,19,1,AL,6,False,0106
9,B001229,Brian,Baird,1956-03-07,M,D,,400011,45981,2,1214,19,2,WA,3,False,5303
10,B000072,Richard,Baker,1948-05-22,M,R,,400012,,14,1214,54,0,LA,6,False,2206
11,B000081,John,Baldacci,1955-01-30,M,D,,400525,,6,1214,17,0,ME,2,False,2302
12,B001230,Tammy,Baldwin,1962-02-11,F,D,,400013,57884,2,1214,30,2,WI,2,False,5502
13,B000104,Cass,Ballenger,1926-12-06,M,R,,400015,,16,1214,30,0,NC,10,False,3710
14,B000134,James,Barcia,1952-02-25,M,D,,400526,,8,1214,25,0,MI,5,False,2605
15,B000169,Bob,Barr,1948-11-05,M,R,,400514,,6,1214,50,8,GA,7,False,1307
16,B000177,Thomas,Barrett,1953-12-08,M,D,,400553,,8,1214,15,3,WI,5,False,5505
17,B000179,Bill,Barrett,1929-02-09,M,R,,400568,,10,1214,17,1,NE,3,False,3103
18,B000208,Roscoe,Bartlett,1926-06-03,M,R,,400017,27026,8,1214,8,0,MD,6,False,2406
19,B000213,Joe,Barton,1949-09-15,M,R,,400018,5248,16,1214,135,0,TX,6,False,4806
20,B000220,Charles,Bass,1952-01-08,M,R,,400019,37079,6,1214,22,0,NH,2,False,3302
21,B000229,Herbert,Bateman,1928-08-07,M,R,,400569,,18,1070,52,6,VA,1,False,5101
22,B000287,Xavier,Becerra,1958-01-26,M,D,,400021,26567,8,1214,122,4,CA,30,False,0630
23,B000400,Ken,Bentsen,1959-06-03,M,D,,400550,,6,1214,22,1,TX,25,False,4825
24,B000403,Douglas,Bereuter,1939-10-06,M,R,,400023,,22,1214,30,1,NE,1,False,3101
25,B001231,Shelley,Berkley,1951-01-20,F,D,,400024,,2,1214,16,0,NV,1,False,3201
26,B000410,Howard,Berman,1941-04-15,M,D,,400025,1592,18,1214,116,3,CA,26,False,0626
27,B000420,Marion,Berry,1942-08-27,M,D,,400026,45115,4,1214,19,0,AR,1,False,0501
28,B001232,Judy,Biggert,1937-08-15,F,R,,400027,57890,2,1214,4,0,IL,13,False,1713
29,B000461,Brian,Bilbray,1951-01-28,M,R,,400570,36554,6,1214,105,0,CA,49,False,0649
30,B000463,Michael,Bilirakis,1930-07-16,M,R,,400028,,18,1214,18,0,FL,9,False,1209
31,B000490,Sanford,Bishop,1947-02-04,M,D,,400030,26194,8,1214,58,1,GA,2,False,1302
32,B000518,Rod,Blagojevich,1956-12-10,M,D,,400518,,4,1214,66,1,IL,5,False,1705
33,B000556,Tom,Bliley,1932-01-28,M,R,,400571,,20,1214,60,0,VA,7,False,5107
34,B000574,Earl,Blumenauer,1948-08-16,M,D,,400033,43809,6,1214,37,8,OR,3,False,4103
35,B000575,Roy,Blunt,1950-01-10,M,R,,400034,45465,4,1214,34,0,MO,7,False,2907
36,B000586,Sherwood,Boehlert,1936-09-28,M,R,,400035,,18,1214,17,1,NY,23,False,3623
37,B000589,John,Boehner,1949-11-17,M,R,,400036,16740,10,1214,29,1,OH,8,False,3908
38,B000617,Henry,Bonilla,1954-01-02,M,R,,400037,,8,1214,34,0,TX,23,False,4823
39,B000619,David,Bonior,1945-06-06,M,D,,400527,,24,1214,33,1,MI,10,False,2610
40,B001228,Mary,Bono Mack,1961-10-24,F,R,,400039,,4,1214,55,1,CA,44,False,0644
41,B000644,Robert,Borski,1948-10-20,M,D,,400542,,18,1214,50,1,PA,3,False,4203
42,B000652,Leonard,Boswell,1934-01-10,M,D,,400042,45520,4,1214,26,0,IA,3,False,1903
43,B000657,Rick,Boucher,1946-08-01,M,D,,400043,6736,18,1214,85,1,VA,9,False,5109
44,B000716,Allen,Boyd,1945-06-06,M,D,,400044,46164,4,1214,22,3,FL,2,False,1202
45,B001227,Robert,Brady,1945-04-07,M,D,,400047,55227,4,1214,54,0,PA,1,False,4201
46,B000755,Kevin,Brady,1955-04-11,M,R,,400046,45749,4,1214,47,1,TX,8,False,4808
47,B000911,Corrine,Brown,1946-11-11,F,D,,400048,26192,8,1214,102,1,FL,3,False,1203
48,B000918,George,Brown,1920-03-06,M,D,,400572,,36,306,221,0,CA,42,False,0642
49,B000944,Sherrod,Brown,1952-11-09,M,D,,400050,5051,8,1214,92,2,OH,13,False,3913
50,B000996,Ed,Bryant,1948-09-07,,R,,400549,,6,1214,18,0,TN,7,False,4707
51,B001135,Richard,Burr,1955-11-30,M,R,,400054,31054,6,1214,41,0,NC,5,False,3705
52,B001149,Dan,Burton,1938-06-21,M,R,,400055,,18,1214,84,0,IN,6,False,1806
53,B001203,Steve,Buyer,1958-11-26,M,R,,400056,26475,8,1214,79,1,IN,5,False,1805
54,C000052,Sonny,Callahan,1932-09-11,,R,,400500,,16,1214,56,3,AL,1,False,0101
55,C000059,Ken,Calvert,1953-06-08,M,R,,400057,26709,8,1214,34,0,CA,43,False,0643
56,C000071,Dave,Camp,1953-07-09,M,R,,400058,23039,10,1214,39,0,MI,4,False,2604
57,C000100,Tom,Campbell,1952-08-14,M,R,,400573,,10,1214,344,1,CA,15,False,0615
58,C000107,Charles,Canady,1954-06-22,M,R,,400574,,8,1214,22,0,FL,12,False,1212
59,C000116,Christopher,Cannon,1950-10-20,M,R,,400059,,4,1214,45,0,UT,3,False,4903
60,C001036,Lois,Capps,1938-01-10,F,D,,400062,54075,4,1214,76,0,CA,22,False,0622
61,C001037,Michael,Capuano,1952-01-09,M,D,,400063,56760,2,1214,30,7,MA,8,False,2508
62,C000141,Benjamin,Cardin,1943-10-05,M,D,,400064,4004,14,1214,17,0,MD,3,False,2403
63,C000191,Julia,Carson,1938-07-08,F,D,,400067,,4,1214,128,13,IN,10,False,1810
64,C000243,Michael,Castle,1939-07-02,M,R,,400070,70,8,1214,11,0,DE,At-Large,True,1000
65,C000266,Steven,Chabot,1953-01-22,M,R,,400071,36705,6,1214,4,0,OH,1,False,3901
66,C000286,Saxby,Chambliss,1943-11-10,M,R,,300021,36571,6,1214,32,0,GA,8,False,1308
67,C000345,Helen,Chenoweth-Hage,1938-01-27,F,R,,400575,,6,1214,193,0,ID,1,False,1601
68,C000380,Donna,Christensen,1945-09-19,F,D,,400073,48879,4,0,0,0,VI,At-Large,True,7898
69,C000488,William,Clay,1931-04-30,M,D,,402626,,32,1214,210,1,MO,1,False,2901
70,C000494,Eva,Clayton,1934-09-16,F,D,,400532,,10,1214,44,5,NC,1,False,3701
71,C000503,Bob,Clement,1943-09-23,M,D,,400548,,14,1214,35,1,TN,5,False,4705
72,C000537,James,Clyburn,1940-07-21,M,D,,400075,21607,8,1214,31,0,SC,6,False,4506
73,C000556,Howard,Coble,1931-03-18,M,R,,400076,6961,16,1214,64,0,NC,6,False,3706
74,C000560,Tom,Coburn,1948-03-14,M,R,,400576,36751,6,1214,131,2,OK,2,False,4002
75,C000640,Michael,Collins,1944-10-15,M,R,,400078,,8,1214,48,0,GA,3,False,1303
76,C000653,Larry,Combest,1945-03-20,M,R,,400079,,16,1214,32,0,TX,19,False,4819
77,C000670,Gary,Condit,1948-04-21,M,D,,400505,,12,1214,8,0,CA,18,False,0618
78,C000714,John,Conyers,1929-05-16,M,D,,400080,1824,36,1214,106,4,MI,14,False,2614
79,C000722,Merrill,Cook,1946-05-06,M,R,,400577,,4,1214,215,1,UT,2,False,4902
80,C000735,John,Cooksey,1941-08-20,M,R,,400522,,4,1214,164,1,LA,5,False,2205
81,C000794,Jerry,Costello,1949-09-25,M,D,,400082,6352,14,1214,29,0,IL,12,False,1712
82,C000830,Christopher,Cox,1952-10-16,M,R,,400083,,12,1214,109,0,CA,47,False,0647
83,C000846,William,Coyne,1936-08-24,M,D,,400543,,20,1214,32,2,PA,14,False,4214
84,C000868,Robert,Cramer,1947-08-22,M,D,,400084,,10,1214,24,1,AL,5,False,0105
85,C000873,Philip,Crane,1930-11-03,M,R,,400085,,32,1214,106,0,IL,8,False,1708
86,C001038,Joseph,Crowley,1962-03-16,M,D,,400087,57880,2,1214,52,2,NY,7,False,3607
87,C000962,Barbara,Cubin,1946-11-30,F,R,,400088,,6,1214,71,0,WY,At-Large,True,5600
88,C000984,Elijah,Cummings,1951-01-18,M,D,,400090,43300,6,1214,38,0,MD,7,False,2407
89,C000994,Randy,Cunningham,1941-12-08,M,R,,400091,,10,1214,30,0,CA,51,False,0651
90,D000046,Pat,Danner,1934-01-13,F,D,,400578,,8,1214,186,0,MO,6,False,2906
91,D000136,Thomas,Davis,1949-01-05,M,R,,400098,,6,1214,32,0,VA,11,False,5111
92,D000096,Danny,Davis,1941-09-06,M,D,,400093,44325,4,1214,61,0,IL,7,False,1707
93,D000114,James,Davis,1957-10-11,M,D,,400094,,4,1214,26,0,FL,11,False,1211
94,D000168,Nathan,Deal,1942-08-25,M,R,,400099,,8,1214,41,0,GA,9,False,1309
95,D000191,Peter,DeFazio,1947-05-27,M,D,,400100,6068,14,1214,52,9,OR,4,False,4104
96,D000197,Diana,DeGette,1957-07-29,F,D,,400101,90293,4,1214,48,3,CO,1,False,0801
97,D000210,Bill,Delahunt,1941-07-18,M,D,,400102,46620,4,1214,99,4,MA,10,False,2510
98,D000216,Rosa,DeLauro,1943-03-02,F,D,,400103,19040,10,1214,7,0,CT,3,False,0903
99,D000217,Thomas,DeLay,1947-04-08,M,R,,400104,,16,1214,59,0,TX,22,False,4822
100,D000595,Jim,DeMint,1951-09-02,M,R,,400105,57895,2,1214,44,0,SC,4,False,4504
101,D000275,Peter,Deutsch,1957-04-01,M,D,,400106,,8,1214,22,1,FL,20,False,1220
102,D000299,Lincoln,Diaz-Balart,1954-08-13,M,R,,400107,25887,8,1214,49,0,FL,21,False,1221
103,D000312,Jay,Dickey,1939-12-14,M,R,,400579,,8,1214,80,0,AR,4,False,0504
104,D000327,Norman,Dicks,1940-12-16,M,D,,400109,8131,24,1214,44,2,WA,6,False,5306
105,D000355,John,Dingell,1926-07-08,M,D,,400110,470,46,1214,48,1,MI,16,False,2616
106,D000373,Julian,Dixon,1934-08-08,M,D,,400580,,22,1213,55,4,CA,32,False,0632
107,D000399,Lloyd,Doggett,1946-10-06,M,D,,400111,36810,6,1214,7,1,TX,10,False,4810
108,D000424,Calvin,Dooley,1954-01-11,M,D,,400112,,10,1214,70,0,CA,20,False,0620
109,D000429,John,Doolittle,1950-10-30,M,R,,400113,,10,1214,32,0,CA,4,False,0604
110,D000482,Mike,Doyle,1953-08-05,M,D,,400114,36774,6,1214,41,0,PA,18,False,4218
111,D000492,David,Dreier,1952-07-05,M,R,,400115,,20,1214,3,0,CA,28,False,0628
112,D000533,John,Duncan,1947-07-21,M,R,,400116,6114,14,1214,20,0,TN,2,False,4702
113,D000549,Jennifer,Dunn,1941-07-29,F,R,,400117,,8,1214,70,0,WA,8,False,5308
114,E000063,Chet,Edwards,1951-11-24,M,D,,400118,20693,10,1214,38,0,TX,11,False,4811
115,E000092,Vernon,Ehlers,1934-02-06,M,R,,400119,,8,1214,15,0,MI,3,False,2603
116,E000093,Robert,Ehrlich,1957-11-25,M,R,,400523,,6,1214,55,0,MD,2,False,2402
117,E000172,Jo Ann,Emerson,1950-09-16,F,R,,400121,46627,6,1214,39,1,MO,8,False,2908
118,E000179,Eliot,Engel,1947-02-18,M,D,,400122,6109,12,1214,124,3,NY,17,False,3617
119,E000187,Phil,English,1956-06-20,M,R,,400123,,6,1214,39,0,PA,21,False,4221
120,E000215,Anna,Eshoo,1942-12-13,F,D,,400124,26130,8,1214,60,2,CA,14,False,0614
121,E000226,Bob,Etheridge,1941-08-07,M,D,,400125,45577,4,1214,15,1,NC,2,False,3702
122,E000250,Lane,Evans,1951-08-04,M,D,,400126,,18,1214,19,0,IL,17,False,1717
123,E000268,Terry,Everett,1937-02-15,M,R,,400127,,8,1214,63,0,AL,2,False,0102
124,E000282,Thomas,Ewing,1935-09-19,M,R,,400581,,10,1214,84,0,IL,15,False,1715
125,F000010,Eni,Faleomavaega,1943-08-15,M,D,,400128,6713,12,0,0,0,AS,At-Large,True,6098
126,F000030,Sam,Farr,1941-07-04,M,D,,400129,30645,8,1210,32,3,CA,17,False,0617
127,F000043,Chaka,Fattah,1956-11-21,M,D,,400130,36763,6,1214,109,0,PA,2,False,4202
128,F000116,Bob,Filner,1942-09-04,M,D,,400133,26133,8,1214,59,3,CA,50,False,0650
129,F000441,Ernest,Fletcher,1952-11-12,M,R,,400135,,2,1214,26,0,KY,6,False,2106
130,F000238,Mark,Foley,1954-09-08,M,R,,400136,,6,1214,12,1,FL,16,False,1216
131,F000257,Michael,Forbes,1952-07-16,M,R,,400582,,6,307,6,1,NY,1,False,3601
132,F000257,Michael,Forbes,1952-07-16,M,D,,400582,,6,907,97,0,NY,1,False,3601
133,F000262,Harold,Ford,1970-05-11,M,D,,400138,,4,1214,60,1,TN,9,False,4709
134,F000440,Vito,Fossella,1965-03-09,M,R,,400139,,4,1214,84,0,NY,13,False,3613
135,F000328,Tillie,Fowler,1942-12-23,F,R,,400583,,8,1214,94,0,FL,4,False,1204
136,F000339,Barney,Frank,1940-03-31,M,D,,400140,,20,1214,59,12,MA,4,False,2504
137,F000349,Bob,Franks,1951-09-21,M,R,,400584,,8,1214,210,1,NJ,7,False,3407
138,F000372,Rodney,Frelinghuysen,1946-04-29,M,R,,400142,37781,6,1214,11,1,NJ,11,False,3411
139,F000392,Martin,Frost,1942-01-01,M,D,,400143,,22,1214,62,0,TX,24,False,4824
140,G000021,Elton,Gallegly,1944-03-07,M,R,,400144,6712,14,1210,23,0,CA,23,False,0623
141,G000041,Greg,Ganske,1949-03-31,M,R,,400517,,6,1214,52,2,IA,4,False,1904
142,G000120,Sam,Gejdenson,1948-05-20,M,D,,400585,,20,1214,33,1,CT,2,False,0902
143,G000121,George,Gekas,1930-04-14,M,R,,400544,,18,1214,37,0,PA,17,False,4217
144,G000132,Richard,Gephardt,1941-01-31,M,D,,400146,,24,1214,115,2,MO,3,False,2903
145,G000152,James,Gibbons,1944-12-16,M,R,,400148,,4,1214,10,0,NV,2,False,3202
146,G000180,Wayne,Gilchrest,1946-04-15,M,R,,400149,,10,1214,57,0,MD,1,False,2401
147,G000210,Paul,Gillmor,1939-02-01,M,R,,400150,,12,1214,60,0,OH,5,False,3905
148,G000212,Benjamin,Gilman,1922-12-06,M,R,,400536,,28,1214,40,1,NY,20,False,3620
149,G000544,Charlie,Gonzalez,1945-05-05,M,D,,400152,,2,1214,14,0,TX,20,False,4820
150,G000280,Virgil,Goode,1946-10-17,M,D,,400153,,4,611,3,0,VA,5,False,5105
151,G000280,Virgil,Goode,1946-10-17,M,I,,400153,,4,603,10,0,VA,5,False,5105
152,G000289,Robert,Goodlatte,1952-09-22,M,R,,400154,27025,8,1214,28,0,VA,6,False,5106
153,G000291,William,Goodling,1927-12-05,M,R,,400586,,26,1214,54,0,PA,19,False,4219
154,G000309,Bart,Gordon,1949-01-24,M,D,,400155,5452,16,1214,46,0,TN,6,False,4706
155,G000336,Porter,Goss,1938-11-26,M,R,,400156,,12,1214,13,0,FL,14,False,1214
156,G000359,Lindsey,Graham,1955-07-09,M,R,,300047,36782,6,1214,79,0,SC,3,False,4503
157,G000377,Kay,Granger,1943-01-18,F,R,,400157,45709,4,1214,95,0,TX,12,False,4812
158,G000545,Mark,Green,1960-06-01,M,R,,400159,,2,1214,15,1,WI,8,False,5508
159,G000410,Gene,Green,1947-10-17,M,D,,400160,26156,8,1214,60,0,TX,29,False,4829
160,G000439,James,Greenwood,1951-05-04,M,R,,400161,,8,1214,103,1,PA,8,False,4208
161,G000535,Luis,Gutiérrez,1953-12-10,M,D,,400163,23476,8,1214,120,3,IL,4,False,1704
162,G000536,Gilbert,Gutknecht,1951-03-20,M,R,,400164,,6,1214,20,0,MN,1,False,2701
163,H000067,Ralph,Hall,1923-05-03,M,D,,400165,7354,20,1214,6,0,TX,4,False,4804
164,H000074,Tony,Hall,1942-01-16,M,D,,400538,,22,1214,52,0,OH,3,False,3903
165,H000172,James,Hansen,1932-08-14,M,R,,400552,,20,1214,79,0,UT,1,False,4901
166,H000323,J. Dennis,Hastert,1942-01-02,M,R,,400169,,14,1214,964,1,IL,14,False,1714
167,H000329,Doc,Hastings,1941-02-07,M,R,,400171,31324,6,1214,21,0,WA,4,False,5304
168,H000324,Alcee,Hastings,1936-09-05,M,D,,400170,1858,8,1214,113,1,FL,23,False,1223
169,H001029,Robin,Hayes,1945-08-14,M,R,,400172,,2,1214,12,0,NC,8,False,3708
170,H000413,John,Hayworth,1958-07-12,M,R,,400173,,6,1214,13,0,AZ,6,False,0406
171,H000444,Joel,Hefley,1935-04-18,M,R,,400174,,14,1214,60,2,CO,5,False,0805
172,H000528,Wally,Herger,1945-05-20,M,R,,400176,12557,14,1214,34,1,CA,2,False,0602
173,H000605,Rick,Hill,1946-12-30,M,R,,400587,,4,1214,29,0,MT,At-Large,True,3000
174,H001030,Baron,Hill,1953-06-23,M,D,,400177,12259,2,1214,18,2,IN,9,False,1809
175,H000615,Van,Hilleary,1959-06-20,M,R,,400547,,6,1214,59,0,TN,4,False,4704
176,H000621,Earl,Hilliard,1942-04-09,M,D,,400502,,8,1214,52,2,AL,7,False,0107
177,H000627,Maurice,Hinchey,1938-10-27,M,D,,400178,26164,8,1214,72,3,NY,26,False,3626
178,H000636,Rubén,Hinojosa,1940-08-20,M,D,,400179,45743,4,1214,115,0,TX,15,False,4815
179,H000666,David,Hobson,1936-10-17,M,R,,400180,,10,1214,14,0,OH,7,False,3907
180,H001031,Joseph,Hoeffel,1950-09-03,M,D,,400181,,2,1214,5,0,PA,13,False,4213
181,H000676,Peter,Hoekstra,1953-10-30,M,R,,400182,26490,8,1214,26,0,MI,2,False,2602
182,H000712,Tim,Holden,1957-03-05,M,D,,400183,29611,8,1214,33,0,PA,6,False,4206
183,H001032,Rush,Holt,1948-10-15,M,D,,400184,57967,2,1214,8,0,NJ,12,False,3412
184,H000762,Darlene,Hooley,1939-04-04,F,D,,400186,,4,1214,34,2,OR,5,False,4105
185,H000789,Stephen,Horn,1931-05-31,M,R,,400506,,8,1214,18,0,CA,38,False,0638
186,H000807,John,Hostettler,1961-06-19,M,R,,400187,,6,1214,17,0,IN,8,False,1808
187,H000814,Amory,Houghton,1926-08-07,M,R,,400188,,14,1214,123,1,NY,31,False,3631
188,H000874,Steny,Hoyer,1939-06-14,M,D,,400189,1919,20,1210,28,2,MD,5,False,2405
189,H000948,Kenny,Hulshof,1958-05-22,M,R,,400190,,4,1214,63,0,MO,9,False,2909
190,H000981,Duncan,Hunter,1948-05-31,M,R,,400191,,20,1214,49,1,CA,52,False,0652
191,H001014,Asa,Hutchinson,1950-12-03,M,R,,400588,,4,1214,55,1,AR,3,False,0503
192,H001022,Henry,Hyde,1924-04-18,M,R,,400192,,26,1214,32,0,IL,6,False,1706
193,I000026,Jay,Inslee,1951-02-09,M,D,,400193,26139,2,1214,0,1,WA,1,False,5301
194,I000055,Johnny,Isakson,1944-12-28,M,R,,400194,59135,2,1187,27,0,GA,6,False,1306
195,I000047,Ernest,Istook,1950-02-11,M,R,,400197,,8,1214,54,0,OK,5,False,4005
196,J000283,Jesse,Jackson,1965-03-11,M,D,,400198,39073,6,1214,0,1,IL,2,False,1702
197,J000032,Sheila,Jackson Lee,1950-01-12,F,D,,400199,36819,6,1214,77,3,TX,18,False,4818
198,J000070,William,Jefferson,1947-03-14,M,D,,400201,,10,1214,206,0,LA,2,False,2202
199,J000082,William,Jenkins,1936-11-29,M,R,,400202,,4,1214,47,1,TN,1,False,4701
200,J000110,Christopher,John,1960-01-05,M,D,,400203,,4,1214,48,0,LA,7,False,2207
201,J000126,Eddie,Johnson,1935-12-03,F,D,,400204,23352,8,1214,31,6,TX,30,False,4830
202,J000163,Nancy,Johnson,1935-01-05,F,R,,400205,,18,1214,53,1,CT,6,False,0906
203,J000174,Sam,Johnson,1930-10-11,M,R,,400206,18711,10,1214,53,0,TX,3,False,4803
204,J000284,Stephanie,Jones,1949-09-10,F,D,,400208,,2,1214,131,1,OH,11,False,3911
205,J000255,Walter,Jones,1943-02-10,M,R,,400209,36693,6,1214,27,1,NC,3,False,3703
206,K000008,Paul,Kanjorski,1937-04-02,M,D,,400210,5974,16,1214,31,1,PA,11,False,4211
207,K000009,Marcy,Kaptur,1946-06-17,F,D,,400211,1458,18,1214,69,5,OH,9,False,3909
208,K000016,John,Kasich,1952-05-13,M,R,,400590,1620,18,1214,176,0,OH,12,False,3912
209,K000078,Sue,Kelly,1936-09-26,F,R,,400213,,6,1214,3,2,NY,19,False,3619
210,K000113,Patrick,Kennedy,1967-07-14,M,D,,400215,17987,6,1214,89,1,RI,1,False,4401
211,K000172,Dale,Kildee,1929-09-16,M,D,,400216,6743,24,1214,1,0,MI,9,False,2609
212,K000180,Carolyn,Kilpatrick,1945-06-25,F,D,,400217,,4,1214,82,0,MI,15,False,2615
213,K000188,Ron,Kind,1963-03-16,M,D,,400218,45870,4,1214,18,1,WI,3,False,5503
214,K000210,Peter,King,1944-04-05,M,R,,400219,26487,8,1214,42,1,NY,3,False,3603
215,K000220,Jack,Kingston,1955-04-24,M,R,,400221,26480,8,1214,61,0,GA,1,False,1301
216,K000259,Gerald,Kleczka,1943-11-26,M,D,,400223,,18,1214,24,1,WI,4,False,5504
217,K000270,Ron,Klink,1951-09-23,M,D,,400591,,8,1214,275,0,PA,4,False,4204
218,K000288,Joseph,Knollenberg,1933-11-28,M,R,,400225,,8,1214,13,0,MI,11,False,2611
219,K000306,James,Kolbe,1942-06-28,M,R,,400226,,16,1214,46,0,AZ,5,False,0405
220,K000336,Dennis,Kucinich,1946-10-08,M,D,,400227,45684,4,1214,12,5,OH,10,False,3910
221,K000357,Steven,Kuykendall,1947-01-27,M,R,,400592,,2,1214,46,0,CA,36,False,0636
222,L000556,John,LaFalce,1939-10-06,M,D,,400537,,26,1214,32,2,NY,29,False,3629
223,L000552,Ray,LaHood,1945-12-06,M,R,,400228,26394,6,1214,26,1,IL,18,False,1718
224,L000043,Nicholas,Lampson,1945-02-14,M,D,,400229,,4,1214,21,0,TX,9,False,4809
225,L000090,Tom,Lantos,1928-02-01,M,D,,400231,,20,1214,119,4,CA,12,False,0612
226,L000096,Steve,Largent,1954-09-28,M,R,,400593,,8,1214,111,0,OK,1,False,4001
227,L000557,John,Larson,1948-07-22,M,D,,400233,36596,2,1214,43,4,CT,1,False,0901
228,L000111,Tom,Latham,1948-07-14,M,R,,400234,36609,6,1214,24,0,IA,5,False,1905
229,L000553,Steven,LaTourette,1954-07-22,M,R,,400235,36748,6,1214,45,1,OH,19,False,3919
230,L000155,Rick,Lazio,1958-03-13,M,R,,400594,,8,1214,207,0,NY,2,False,3602
231,L000169,James,Leach,1942-10-15,M,R,,400236,,24,1214,29,0,IA,1,False,1901
232,L000551,Barbara,Lee,1946-07-16,F,D,,400237,54579,4,1214,22,1,CA,9,False,0609
233,L000263,Sander,Levin,1931-09-06,M,D,,400238,251,18,1214,7,2,MI,12,False,2612
234,L000274,Jerry,Lewis,1934-10-21,M,R,,400239,1001646,22,1214,51,0,CA,40,False,0640
235,L000287,John,Lewis,1940-02-21,M,D,,400240,2528,14,1214,65,2,GA,5,False,1305
236,L000293,Ron,Lewis,1946-09-14,M,R,,400241,,8,1214,5,0,KY,2,False,2102
237,L000321,John,Linder,1942-09-09,M,R,,400242,26393,8,1214,36,0,GA,11,False,1311
238,L000342,William,Lipinski,1937-12-22,M,D,,400243,,18,1214,110,0,IL,3,False,1703
239,L000371,Bob,Livingston,1943-04-30,M,R,,406863,,24,28,8,0,LA,1,False,2201
240,L000554,Frank,LoBiondo,1946-05-12,M,R,,400244,30867,6,1214,3,1,NJ,2,False,3402
241,L000397,Zoe,Lofgren,1947-12-21,F,D,,400245,36520,6,1214,91,6,CA,16,False,0616
242,L000480,Nita,Lowey,1937-07-05,F,D,,400246,6110,12,1214,69,4,NY,18,False,3618
243,L000558,Kenneth,Lucas,1933-08-22,M,D,,400248,,2,1214,5,0,KY,4,False,2104
244,L000491,Frank,Lucas,1960-01-06,M,R,,400247,35692,8,1214,72,0,OK,6,False,4006
245,L000521,Bill,Luther,1945-06-27,M,D,,400529,,6,1214,36,0,MN,6,False,2706
246,M000087,Carolyn,Maloney,1946-02-19,F,D,,400251,26162,8,1214,47,3,NY,14,False,3614
247,M000090,James,Maloney,1948-09-17,M,D,,400508,,4,1214,31,0,CT,5,False,0905
248,M001138,Donald,Manzullo,1944-03-24,M,R,,400252,26482,8,1214,29,1,IL,16,False,1716
249,M000133,Edward,Markey,1946-07-11,M,D,,400253,260,26,1214,108,2,MA,7,False,2507
250,M000206,Matthew,Martinez,1929-02-14,M,R,,400595,,20,165,42,0,CA,31,False,0631
251,M000206,Matthew,Martinez,1929-02-14,M,D,,400595,,20,1049,171,2,CA,31,False,0631
252,M000212,Frank,Mascara,1930-01-19,M,D,,400545,,6,1214,36,0,PA,20,False,4220
253,M000249,Robert,Matsui,1941-09-17,M,D,,400256,,22,1214,30,1,CA,5,False,0605
254,M000309,Carolyn,McCarthy,1944-01-05,F,D,,400257,45040,4,1214,48,1,NY,4,False,3604
255,M000316,Karen,McCarthy,1947-03-18,F,D,,400258,,6,1214,44,2,MO,5,False,2905
256,M000350,Bill,McCollum,1944-07-12,M,R,,400596,,20,1214,348,1,FL,8,False,1208
257,M000388,Jim,McCrery,1949-09-18,M,R,,400261,,14,1214,48,0,LA,4,False,2204
258,M000404,Jim,McDermott,1936-12-28,M,D,,400262,5761,12,1214,162,2,WA,7,False,5307
259,M000312,Jim,McGovern,1959-11-20,M,D,,400263,45976,4,1214,17,3,MA,3,False,2503
260,M000472,John,McHugh,1948-09-29,M,R,,400264,,8,1214,23,1,NY,24,False,3624
261,M000477,Scott,McInnis,1953-05-09,M,R,,400265,26492,8,1214,63,0,CO,3,False,0803
262,M000481,David,McIntosh,1958-06-08,M,R,,400597,,6,1214,417,0,IN,2,False,1802
263,M000485,Mike,McIntyre,1956-08-06,M,D,,400266,45960,4,1214,39,0,NC,7,False,3707
264,M000508,Howard,McKeon,1938-09-09,M,R,,400267,26483,8,1214,29,0,CA,25,False,0625
265,M000523,Cynthia,McKinney,1955-03-17,F,D,,400513,,8,1214,60,0,GA,4,False,1304
266,M000590,Michael,McNulty,1947-09-16,M,D,,400268,,12,1214,124,0,NY,21,False,3621
267,M000627,Martin,Meehan,1956-12-30,M,D,,400269,,8,1214,75,5,MA,5,False,2505
268,M000628,Carrie,Meek,1926-04-29,F,D,,400511,,8,1214,90,0,FL,17,False,1217
269,M001137,Gregory,Meeks,1953-09-25,M,D,,400271,53469,4,1214,105,2,NY,6,False,3606
270,M000639,Robert,Menendez,1954-01-01,M,D,,400272,29608,8,1214,43,1,NJ,13,False,3413
271,M000669,Jack,Metcalf,1927-11-30,M,R,,400598,,6,1214,79,3,WA,2,False,5302
272,M000689,John,Mica,1943-01-27,M,R,,400273,26395,8,1214,36,0,FL,7,False,1207
273,M000714,Juanita,Millender-McDonald,1938-09-07,F,D,,400275,,6,1214,59,2,CA,37,False,0637
274,M000720,Dan,Miller,1942-05-30,M,R,,400510,,8,1214,39,0,FL,13,False,1213
275,M000725,George,Miller,1945-05-17,M,D,,400278,622,26,1210,76,3,CA,7,False,0607
276,M001139,Gary,Miller,1948-10-16,M,R,,400277,57888,2,1214,43,0,CA,41,False,0641
277,M000795,David,Minge,1942-03-19,M,D,,400599,,8,1214,39,1,MN,2,False,2702
278,M000797,Patsy,Mink,1927-12-06,F,D,,400554,,24,1214,27,3,HI,2,False,1502
279,M000834,Joe,Moakley,1927-04-27,M,D,,400600,,28,1214,81,2,MA,9,False,2509
280,M000844,Alan,Mollohan,1943-05-14,M,D,,400281,8577,18,1210,115,1,WV,1,False,5401
281,M001140,Dennis,Moore,1945-11-08,M,D,,400282,57965,2,1214,16,0,KS,3,False,2003
282,M000934,Jerry,Moran,1954-05-29,M,R,,400284,45469,4,1214,0,0,KS,1,False,2001
283,M000933,James,Moran,1945-05-16,M,D,,400283,4269,10,1214,45,4,VA,8,False,5108
284,M000941,Constance,Morella,1931-02-12,F,R,,400524,,14,1214,39,1,MD,8,False,2408
285,M001120,John,Murtha,1932-06-17,M,D,,400286,,28,1214,51,0,PA,12,False,4212
286,M001134,Sue,Myrick,1941-08-01,F,R,,400288,1172,6,1214,117,0,NC,9,False,3709
287,N000002,Jerrold,Nadler,1947-06-13,M,D,,400289,26159,10,1214,49,3,NY,8,False,3608
288,N000179,Grace,Napolitano,1936-12-04,F,D,,400290,57873,2,1214,37,0,CA,34,False,0634
289,N000015,Richard,Neal,1949-02-14,M,D,,400291,6103,12,1214,109,3,MA,2,False,2502
290,N000051,George,Nethercutt,1944-10-07,M,R,,400292,,6,1214,44,0,WA,5,False,5305
291,N000081,Robert,Ney,1954-07-05,M,R,,400293,,6,1214,25,0,OH,18,False,3918
292,N000143,Anne,Northup,1948-01-22,F,R,,400294,,4,1214,19,0,KY,3,False,2103
293,N000147,Eleanor,Norton,1937-06-13,F,D,,400295,882,10,0,0,0,DC,At-Large,True,1198
294,N000159,Charles,Norwood,1941-07-27,M,R,,400296,,6,1214,67,1,GA,10,False,1310
295,N000172,James,Nussle,1960-06-27,M,R,,400298,,10,1214,28,0,IA,2,False,1902
296,O000006,James,Oberstar,1934-09-10,M,D,,400299,457,26,1214,36,1,MN,8,False,2708
297,O000007,David,Obey,1938-10-03,M,D,,400300,1621,32,1214,24,8,WI,7,False,5507
298,O000085,John,Olver,1936-09-03,M,D,,400301,18777,10,1214,25,2,MA,1,False,2501
299,O000107,Solomon,Ortiz,1938-06-03,M,D,,400302,2070,18,1214,43,1,TX,27,False,4827
300,O000164,Doug,Ose,1955-06-27,M,R,,400304,,2,1214,19,0,CA,3,False,0603
301,O000159,Major,Owens,1936-06-28,M,D,,400306,,18,1214,136,5,NY,11,False,3611
302,O000163,Michael,Oxley,1944-02-11,M,R,,400307,,20,1214,94,0,OH,4,False,3904
303,P000005,Ron,Packard,1931-01-19,M,R,,400601,,18,1214,29,0,CA,48,False,0648
304,P000034,Frank,Pallone,1951-10-30,M,D,,400308,6107,14,1214,41,1,NJ,6,False,3406
305,P000096,Bill,Pascrell,1937-01-25,M,D,,400309,45543,4,1214,56,2,NJ,8,False,3408
306,P000099,Ed,Pastor,1943-06-28,M,D,,400310,20628,10,1214,11,2,AZ,2,False,0402
307,P000583,Ron,Paul,1935-08-20,M,R,,400311,45747,12,1214,53,8,TX,14,False,4814
308,P000149,Donald,Payne,1934-07-16,M,D,,400312,6108,12,1214,93,0,NJ,10,False,3410
309,P000171,Edward,Pease,1951-05-22,M,R,,400602,,4,1214,10,0,IN,7,False,1807
310,P000197,Nancy,Pelosi,1940-03-26,F,D,,400314,6153,14,1214,63,2,CA,8,False,0608
311,P000258,Collin,Peterson,1944-06-29,M,D,,400316,23978,10,1214,16,1,MN,7,False,2707
312,P000263,John,Peterson,1938-12-25,M,R,,400317,,4,1214,157,0,PA,5,False,4205
313,P000265,Tom,Petri,1940-05-28,M,R,,400318,3190,22,1214,4,0,WI,6,False,5506
314,P000584,David,Phelps,1947-10-26,M,D,,400519,,2,1214,7,0,IL,19,False,1719
315,P000323,Charles,Pickering,1963-08-10,M,R,,400319,,4,1214,31,0,MS,3,False,2803
316,P000326,Owen,Pickett,1930-08-31,M,D,,400603,,14,1214,70,0,VA,2,False,5102
317,P000373,Joe,Pitts,1939-10-10,M,R,,400320,11706,4,1214,28,0,PA,16,False,4216
318,P000419,Richard,Pombo,1961-01-08,M,R,,400322,,8,1214,20,0,CA,11,False,0611
319,P000422,Earl,Pomeroy,1952-09-02,M,D,,400323,11486,8,1214,36,1,ND,At-Large,True,3800
320,P000444,John,Porter,1935-06-01,M,R,,400604,,22,1214,64,0,IL,10,False,1710
321,P000449,Rob,Portman,1955-12-19,M,R,,400325,31819,8,1214,16,0,OH,2,False,3902
322,P000523,David,Price,1940-08-17,M,D,,400326,6748,12,1214,27,1,NC,4,False,3704
323,P000555,Deborah,Pryce,1951-07-29,F,R,,400327,,8,1214,121,0,OH,15,False,3915
324,Q000016,Jack,Quinn,1951-04-13,M,R,,400329,,8,1214,77,0,NY,30,False,3630
325,R000004,George,Radanovich,1955-06-20,M,R,,400330,36533,6,1214,63,1,CA,19,False,0619
326,R000011,Nick,Rahall,1949-05-20,M,D,,400331,8272,24,1214,23,1,WV,3,False,5403
327,R000033,James,Ramstad,1946-05-06,M,R,,400332,,10,1214,7,0,MN,3,False,2703
328,R000053,Charles,Rangel,1930-06-11,M,D,,400333,1745,30,1214,145,2,NY,15,False,3615
329,R000141,Ralph,Regula,1924-12-03,M,R,,400334,,28,1214,6,0,OH,16,False,3916
330,R000170,Silvestre,Reyes,1944-11-10,M,D,,400337,45744,4,1214,91,2,TX,16,False,4816
331,R000569,Thomas,Reynolds,1950-09-03,M,R,,400338,,2,1214,28,0,NY,27,False,3627
332,R000258,Bob,Riley,1944-10-03,M,R,,400501,,4,1214,49,0,AL,3,False,0103
333,R000281,Lynn,Rivers,1956-12-19,F,D,,400528,,6,1214,28,8,MI,13,False,2613
334,R000568,Ciro,Rodriguez,1946-12-09,M,D,,400339,48779,4,1214,58,0,TX,28,False,4828
335,R000385,Tim,Roemer,1956-10-30,M,D,,400520,,10,1214,18,0,IN,3,False,1803
336,R000386,James,Rogan,1957-08-21,M,R,,400605,,4,1214,63,2,CA,27,False,0627
337,R000395,Harold,Rogers,1937-12-31,M,R,,400340,6739,20,1214,26,0,KY,5,False,2105
338,R000409,Dana,Rohrabacher,1947-06-21,M,R,,400343,5590,12,1214,11,0,CA,45,False,0645
339,R000417,Carlos,Romero-Barcelo,1932-09-04,M,D,,400615,,8,0,0,0,PR,At-Large,True,7298
340,R000435,Ileana,Ros-Lehtinen,1952-07-15,F,R,,400344,3206,12,1214,90,0,FL,18,False,1218
341,R000462,Steven,Rothman,1952-10-14,M,D,,400346,45112,4,1214,35,0,NJ,9,False,3409
342,R000465,Marge,Roukema,1929-09-19,F,R,,400533,,20,1214,49,1,NJ,5,False,3405
343,R000486,Lucille,Roybal-Allard,1941-06-12,F,D,,400347,26136,8,1214,46,0,CA,33,False,0633
344,R000487,Edward,Royce,1951-10-12,M,R,,400348,28461,8,1214,49,0,CA,39,False,0639
345,R000515,Bobby,Rush,1946-11-23,M,D,,400350,26127,8,1214,175,1,IL,1,False,1701
346,R000570,Paul,Ryan,1970-01-29,M,R,,400351,57970,2,1214,11,0,WI,1,False,5501
347,R000566,Jim,Ryun,1947-04-29,M,R,,400353,,6,1214,29,0,KS,2,False,2002
348,S000005,Martin,Sabo,1938-02-28,M,D,,400354,,22,1214,25,4,MN,5,False,2705
349,S000018,Matt,Salmon,1958-01-21,M,R,,400606,37033,6,1214,95,0,AZ,1,False,0401
350,S000030,Loretta,Sánchez,1960-01-07,F,D,,400356,45639,4,1214,49,3,CA,46,False,0646
351,S000033,Bernard,Sanders,1941-09-08,M,ID,,400357,994,10,1214,47,3,VT,At-Large,True,5000
352,S000044,Max,Sandlin,1952-09-29,M,D,,400358,,4,1214,22,0,TX,1,False,4801
353,S000051,Mark,Sanford,1960-05-28,M,R,,400607,6513,6,1214,33,1,SC,1,False,4501
354,S000094,Tom,Sawyer,1945-08-15,M,D,,400539,,14,1214,13,2,OH,14,False,3914
355,S000097,H. James,Saxton,1943-01-22,M,R,,400359,,18,1214,25,1,NJ,3,False,3403
356,S000106,Joe,Scarborough,1963-04-09,M,R,,400608,,6,1214,268,1,FL,1,False,1201
357,S000112,Bob,Schaffer,1962-07-24,M,R,,400507,,4,1214,54,0,CO,4,False,0804
358,S001145,Jan,Schakowsky,1944-05-26,F,D,,400360,57874,2,1214,35,6,IL,9,False,1709
359,S000185,Robert,Scott,1947-04-30,M,D,,400364,25888,8,1214,28,1,VA,3,False,5103
360,S000244,F.,Sensenbrenner,1943-06-14,M,R,,400365,1507,22,1214,10,0,WI,9,False,5509
361,S000248,José,Serrano,1943-10-24,M,D,,400366,14306,12,1214,91,1,NY,16,False,3616
362,S000250,Pete,Sessions,1955-03-22,M,R,,400367,36807,4,1214,35,0,TX,5,False,4805
363,S000275,John,Shadegg,1949-10-22,M,R,,400368,37037,6,1214,39,0,AZ,4,False,0404
364,S000303,E. Clay,Shaw,1939-04-19,M,R,,400369,,20,1214,58,0,FL,22,False,1222
365,S001144,Christopher,Shays,1945-10-18,M,R,,400370,,14,1214,60,0,CT,4,False,0904
366,S000344,Brad,Sherman,1954-10-24,M,D,,400371,45124,4,1214,5,1,CA,24,False,0624
367,S001146,Donald,Sherwood,1941-03-05,M,R,,400372,,2,1214,28,0,PA,10,False,4210
368,S000364,John,Shimkus,1958-02-21,M,R,,400373,30623,4,1214,5,0,IL,20,False,1720
369,S001147,Ronnie,Shows,1947-01-26,M,D,,400530,,2,1214,45,0,MS,4,False,2804
370,S000394,Bud,Shuster,1932-01-23,M,R,,400374,,28,1214,114,0,PA,9,False,4209
371,S001148,Mike,Simpson,1950-09-08,M,R,,400376,57889,2,1214,20,0,ID,2,False,1602
372,S000453,Norman,Sisisky,1927-06-09,M,D,,400609,,18,1214,24,1,VA,4,False,5104
373,S000463,Joe,Skeen,1927-06-30,M,R,,400534,,20,1214,4,0,NM,2,False,3502
374,S000465,Ike,Skelton,1931-12-20,M,D,,400377,449,24,1214,35,0,MO,4,False,2904
375,S000480,Louise,Slaughter,1929-08-14,F,D,,400378,1755,14,1214,78,6,NY,28,False,3628
376,S000510,Adam,Smith,1965-06-15,M,D,,400379,44329,4,1214,113,1,WA,9,False,5309
377,S000522,Christopher,Smith,1953-03-04,M,R,,400380,6411,20,1214,26,1,NJ,4,False,3404
378,S000583,Lamar,Smith,1947-11-19,M,R,,400381,8884,14,1214,39,0,TX,21,False,4821
379,S000597,Nick,Smith,1934-11-05,M,R,,400382,,8,1214,61,2,MI,7,False,2607
380,S000672,Vic,Snyder,1947-09-27,M,D,,400383,45722,4,1214,20,3,AR,2,False,0502
381,S001143,Mark,Souder,1950-07-18,M,R,,400385,,6,1214,47,1,IN,4,False,1804
382,S000718,Floyd,Spence,1928-04-09,M,R,,400610,,30,1214,62,1,SC,2,False,4502
383,S000749,John,Spratt,1942-11-01,M,D,,400386,13719,18,1214,80,1,SC,5,False,4505
384,S000770,Debbie,Stabenow,1950-04-29,F,D,,300093,45451,4,1214,27,1,MI,8,False,2608
385,S000810,Pete,Stark,1931-11-11,M,D,,400387,6747,28,1210,128,2,CA,13,False,0613
386,S000822,Cliff,Stearns,1941-04-16,M,R,,400388,6095,12,1214,22,0,FL,6,False,1206
387,S000851,Charles,Stenholm,1938-10-26,M,D,,400389,,22,1214,10,1,TX,17,False,4817
388,S001004,Ted,Strickland,1941-08-04,M,D,,400390,,4,1214,27,5,OH,6,False,3906
389,S001044,Bob,Stump,1927-04-04,M,R,,400504,,24,1214,2,0,AZ,3,False,0403
390,S001045,Bart,Stupak,1952-02-29,M,D,,400391,28206,8,1214,119,1,MI,1,False,2601
391,S001078,John,Sununu,1964-09-10,M,R,,300095,,4,1214,26,1,NH,1,False,3301
392,S001149,John,Sweeney,1955-08-09,M,R,,400393,,2,1214,62,0,NY,22,False,3622
393,T000024,James,Talent,1956-10-18,M,R,,300096,,8,1214,115,0,MO,2,False,2902
394,T000458,Thomas,Tancredo,1945-12-20,M,R,,400394,,2,1214,14,31,CO,6,False,0806
395,T000038,John,Tanner,1944-09-22,M,D,,400395,6116,12,1214,30,1,TN,8,False,4708
396,T000057,Ellen,Tauscher,1951-11-15,F,D,,400396,,4,1214,8,2,CA,10,False,0610
397,T000058,William,Tauzin,1943-06-14,M,R,,400397,,22,1214,50,0,LA,3,False,2203
398,T000067,Charles,Taylor,1941-01-23,M,R,,400398,,10,1214,105,0,NC,11,False,3711
399,T000074,Gene,Taylor,1953-09-17,M,D,,400399,1000578,12,1214,35,0,MS,5,False,2805
400,T000459,Lee,Terry,1962-01-29,M,R,,400400,57891,2,1214,5,0,NE,2,False,3102
401,T000188,William,Thomas,1941-12-06,M,R,,400401,,22,1214,70,0,CA,21,False,0621
402,T000193,Bennie,Thompson,1948-01-28,M,D,,400402,7304,8,1214,74,0,MS,2,False,2802
403,T000460,Mike,Thompson,1951-01-24,M,D,,400403,57872,2,1214,3,1,CA,1,False,0601
404,T000238,William,Thornberry,1958-07-15,M,R,,400404,36814,6,1214,11,1,TX,13,False,4813
405,T000250,John,Thune,1961-01-07,M,R,,400546,45552,4,1214,2,0,SD,At-Large,True,4600
406,T000253,Karen,Thurman,1951-01-12,F,D,,400509,,8,1214,42,3,FL,5,False,1205
407,T000260,Todd,Tiahrt,1951-06-15,M,R,,400405,,6,1214,40,0,KS,4,False,2004
408,T000266,John,Tierney,1951-09-18,M,D,,400407,37546,4,1214,37,3,MA,6,False,2506
409,T000461,Patrick,Toomey,1961-11-17,M,R,,400408,7958,2,1214,26,0,PA,15,False,4215
410,T000326,Edolphus,Towns,1934-07-21,M,D,,400409,6807,18,1214,119,0,NY,10,False,3610
411,T000350,James,Traficant,1941-05-08,M,D,,400611,,16,1214,1,0,OH,17,False,3917
412,T000424,James,Turner,1946-02-06,M,D,,400410,,4,1214,37,0,TX,2,False,4802
413,U000038,Mark,Udall,1950-07-18,M,D,,400412,7634,2,1214,15,3,CO,2,False,0802
414,U000039,Tom,Udall,1948-05-18,M,D,,400413,10075,2,1214,38,0,NM,3,False,3503
415,U000014,Robert,Underwood,1948-07-13,M,D,,400516,,8,0,0,0,GU,At-Large,True,6698
416,U000031,Fred,Upton,1953-04-23,M,R,,400414,12127,14,1214,0,0,MI,6,False,2606
417,V000081,Nydia,Velázquez,1953-03-28,F,D,,400416,26160,8,1214,50,2,NY,12,False,3612
418,V000087,Bruce,Vento,1940-10-07,M,D,,400612,,24,1129,395,1,MN,4,False,2704
419,V000108,Peter,Visclosky,1949-08-13,M,D,,400417,6785,16,1214,33,0,IN,1,False,1801
420,V000127,David,Vitter,1961-05-03,M,R,,400418,60672,2,1044,21,0,LA,1,False,2201
421,W000791,Greg,Walden,1957-01-10,M,R,,400419,57892,2,1214,13,0,OR,2,False,4102
422,W000099,James,Walsh,1947-06-19,M,R,,400420,,12,1214,31,0,NY,25,False,3625
423,W000119,Zach,Wamp,1957-10-28,M,R,,400421,36792,6,1214,23,0,TN,3,False,4703
424,W000187,Maxine,Waters,1938-08-15,F,D,,400422,1953,10,1214,85,1,CA,35,False,0635
425,W000194,Wes,Watkins,1938-12-15,M,R,,400540,,18,1214,66,0,OK,3,False,4003
426,W000207,Melvin,Watt,1945-08-26,M,D,,400424,25889,8,1214,26,7,NC,12,False,3712
427,W000210,J.C.,Watts,1957-11-18,M,R,,400541,,6,1214,92,0,OK,4,False,4004
428,W000215,Henry,Waxman,1939-09-12,M,D,,400425,8319,26,1214,133,3,CA,29,False,0629
429,W000792,Anthony,Weiner,1964-09-04,M,D,,400426,,2,1214,80,2,NY,9,False,3609
430,W000267,David,Weldon,1953-08-31,M,R,,400427,,6,1214,36,1,FL,15,False,1215
431,W000268,W. Curtis,Weldon,1947-07-22,M,R,,400428,,14,1214,87,0,PA,7,False,4207
432,W000273,Gerald,Weller,1957-07-07,M,R,,400429,,6,1214,29,0,IL,11,False,1711
433,W000314,Robert,Wexler,1961-01-02,M,D,,400430,,4,1214,68,1,FL,19,False,1219
434,W000315,Robert,Weygand,1948-05-10,M,D,,400613,,4,1214,83,0,RI,2,False,4402
435,W000413,Edward,Whitfield,1943-05-25,M,R,,400431,36978,6,1214,34,0,KY,1,False,2101
436,W000437,Roger,Wicker,1951-07-05,M,R,,400432,18203,6,1214,28,2,MS,1,False,2801
437,W000789,Heather,Wilson,1960-12-30,F,R,,400434,,4,1214,22,3,NM,1,False,3501
438,W000654,Robert,Wise,1948-01-06,M,D,,400614,,18,1214,248,1,WV,2,False,5402
439,W000672,Frank,Wolf,1939-01-30,M,R,,400435,7508,20,1214,10,1,VA,10,False,5110
440,W000738,Lynn,Woolsey,1937-11-03,F,D,,400436,26132,8,1214,33,2,CA,6,False,0606
441,W000793,David,Wu,1955-04-08,M,D,,400437,57882,2,1214,41,1,OR,1,False,4101
442,W000784,Albert,Wynn,1951-09-10,M,D,,400438,,8,1214,100,1,MD,4,False,2404
443,Y000031,C. W. Bill,Young,1930-12-16,M,R,,400439,5259,30,1214,90,1,FL,10,False,1210
444,Y000033,Don,Young,1933-06-09,M,R,,400440,1897,28,1214,165,0,AK,At-Large,True,0200
